Daryl;Greenwald;s560005
Willetta;Velick;s063202
Carlie;Tarrant;s363778
Johna;Gahl;s637412
Merrie;Tippets;s854741
Lily;Llovera;s159519
Merry;Alejoa;s838125
Celestyna;Arley;s587118
Florie;Naashom;s392699
Peri;Dash;s351510
Rhoda;Redmond;s928131
Agathe;Yuille;s179979
Marinna;Hertzfeld;s349584
Robinia;Morrill;s598908
Corene;Henebry;s601074
Vevay;Larochelle;s552369
Marinna;Kesley;s720346
Bernardine;Gualtiero;s052172
Isa;Jacqui;s432064
Gerianna;Podvin;s725576
Selia;Devlen;s315241
Kayla;Raimondo;s512420
Jenilee;Cavan;s281351
Gloria;Sacken;s277090
Dotty;Milson;s342182
Max;Sheedy;s251804
Jemie;Jerold;s704503
Loree;Klemperer;s570390
Augustine;Roxanna;s023842
Heida;Kravits;s346683
Lanae;Camden;s495254
Roz;Podvin;s832105
Joelly;Othilia;s515906
Vevay;Pitt;s713042
Elmira;Bearnard;s205863
Marline;Arley;s268014
Gwenneth;Prouty;s647079
Starla;Swanhildas;s830763
Alameda;Old;s143916
Sindee;Cookie;s500186
Dominga;Pulsifer;s267834
Kristina;Ambrosia;s042530
Marti;Hutchison;s731557
Allyce;Kazimir;s841159
Patricia;Alcott;s033902
Cissiee;Papageno;s367076
Penelopa;Ioab;s355022
Fanchon;Brenn;s855864
Cordi;Eldrid;s152910
Dania;Annabella;s575641
Esmeralda;Wildermuth;s865342
Kary;Haldas;s711919
Elvira;Rocray;s813180
Rori;Bigner;s621219
Fred;Vanni;s248471
Christal;Durante;s678784
Carol-Jean;Garrison;s291305
Roseline;Idelia;s716464
Verla;Leifeste;s478082
Pollyanna;Gombach;s827231
Amelia;Eno;s140984
Olivette;Vanni;s166421
Karly;Cleavland;s992306
Linet;Merriott;s824245
Kenna;Florina;s684751
Winifred;Westphal;s629365
Kaja;Terrence;s709518
Meriel;Hazlett;s898606
Cam;Sheng;s332374
Allis;Holtz;s657700
Cordi;Darbie;s116827
Evita;Blake;s759654
Raquela;Halla;s467548
Justinn;Alrich;s864704
Kayla;Fabiola;s254644
Tobe;Amethist;s018604
Evaleen;Kellby;s519750
Cyb;Sidonius;s024968
Gratia;Hourigan;s118072
Dorene;Goddard;s395422
Fredericka;Garek;s119455
Inga;Bartlett;s305387
Wilma;Noam;s786274
Valli;Codding;s746063
Lolita;Dyche;s464129
Christian;Ade;s312150
Sarette;Bouchard;s386239
Millie;Carmena;s066697
Deedee;Waldron;s429019
Imojean;Rolf;s133552
Gerrie;Giff;s938111
Paola;Smitt;s149980
Augustine;Roumell;s031755
Danny;Merell;s612580
Brena;Brandice;s354658
Lindie;Aida;s835899
Melanie;Concha;s543000
Yolane;Darbie;s777082
Bernie;Shields;s394414
Lonnie;Shaddock;s337090